{
  "" : {
    "transaction" : "",
    "sampleCount" : 10,
    "errorCount" : 10,
    "errorPct" : 100.0,
    "meanResTime" : 4141.8,
    "medianResTime" : 4125.0,
    "minResTime" : 3719.0,
    "maxResTime" : 4819.0,
    "pct1ResTime" : 4800.1,
    "pct2ResTime" : 4819.0,
    "pct3ResTime" : 4819.0,
    "throughput" : 1.8145527127563057,
    "receivedKBytesPerSec" : 733.7049976751043,
    "sentKBytesPerSec" : 59.38017431046997
  },
  "-280" : {
    "transaction" : "-280",
    "sampleCount" : 16,
    "errorCount" : 0,
    "errorPct" : 0.0,
    "meanResTime" : 89.1875,
    "medianResTime" : 85.0,
    "minResTime" : 69.0,
    "maxResTime" : 131.0,
    "pct1ResTime" : 126.10000000000001,
    "pct2ResTime" : 131.0,
    "pct3ResTime" : 131.0,
    "throughput" : 3.82866714525006,
    "receivedKBytesPerSec" : 5.340364396386695,
    "sentKBytesPerSec" : 1.9638744316822205
  },
  "-282" : {
    "transaction" : "-282",
    "sampleCount" : 14,
    "errorCount" : 0,
    "errorPct" : 0.0,
    "meanResTime" : 86.64285714285714,
    "medianResTime" : 80.0,
    "minResTime" : 71.0,
    "maxResTime" : 133.0,
    "pct1ResTime" : 124.0,
    "pct2ResTime" : 133.0,
    "pct3ResTime" : 133.0,
    "throughput" : 3.437269825681316,
    "receivedKBytesPerSec" : 4.774918288116867,
    "sentKBytesPerSec" : 1.6872257089369014
  },
  "-281" : {
    "transaction" : "-281",
    "sampleCount" : 18,
    "errorCount" : 0,
    "errorPct" : 0.0,
    "meanResTime" : 104.55555555555554,
    "medianResTime" : 90.0,
    "minResTime" : 69.0,
    "maxResTime" : 419.0,
    "pct1ResTime" : 147.20000000000044,
    "pct2ResTime" : 419.0,
    "pct3ResTime" : 419.0,
    "throughput" : 4.261363636363636,
    "receivedKBytesPerSec" : 5.96780487985322,
    "sentKBytesPerSec" : 2.2696292761600376
  },
  "-277" : {
    "transaction" : "-277",
    "sampleCount" : 19,
    "errorCount" : 0,
    "errorPct" : 0.0,
    "meanResTime" : 188.1578947368421,
    "medianResTime" : 206.0,
    "minResTime" : 63.0,
    "maxResTime" : 496.0,
    "pct1ResTime" : 459.0,
    "pct2ResTime" : 496.0,
    "pct3ResTime" : 496.0,
    "throughput" : 4.022866821935211,
    "receivedKBytesPerSec" : 5.752062711729833,
    "sentKBytesPerSec" : 2.1584450428752913
  },
  "-299" : {
    "transaction" : "-299",
    "sampleCount" : 10,
    "errorCount" : 0,
    "errorPct" : 0.0,
    "meanResTime" : 48.3,
    "medianResTime" : 47.0,
    "minResTime" : 44.0,
    "maxResTime" : 56.0,
    "pct1ResTime" : 55.6,
    "pct2ResTime" : 56.0,
    "pct3ResTime" : 56.0,
    "throughput" : 16.89189189189189,
    "receivedKBytesPerSec" : 6.317963471283784,
    "sentKBytesPerSec" : 32.65050939611486
  },
  "-298" : {
    "transaction" : "-298",
    "sampleCount" : 10,
    "errorCount" : 0,
    "errorPct" : 0.0,
    "meanResTime" : 74.3,
    "medianResTime" : 48.5,
    "minResTime" : 44.0,
    "maxResTime" : 300.0,
    "pct1ResTime" : 275.9000000000001,
    "pct2ResTime" : 300.0,
    "pct3ResTime" : 300.0,
    "throughput" : 17.123287671232877,
    "receivedKBytesPerSec" : 6.404510916095891,
    "sentKBytesPerSec" : 19.486100706335616
  },
  "-279" : {
    "transaction" : "-279",
    "sampleCount" : 19,
    "errorCount" : 0,
    "errorPct" : 0.0,
    "meanResTime" : 85.10526315789474,
    "medianResTime" : 82.0,
    "minResTime" : 72.0,
    "maxResTime" : 139.0,
    "pct1ResTime" : 103.0,
    "pct2ResTime" : 139.0,
    "pct3ResTime" : 139.0,
    "throughput" : 4.363803399173174,
    "receivedKBytesPerSec" : 6.061909666398714,
    "sentKBytesPerSec" : 2.349895570165365
  },
  "-278" : {
    "transaction" : "-278",
    "sampleCount" : 19,
    "errorCount" : 0,
    "errorPct" : 0.0,
    "meanResTime" : 77.6842105263158,
    "medianResTime" : 78.0,
    "minResTime" : 68.0,
    "maxResTime" : 89.0,
    "pct1ResTime" : 88.0,
    "pct2ResTime" : 89.0,
    "pct3ResTime" : 89.0,
    "throughput" : 4.389004389004389,
    "receivedKBytesPerSec" : 6.0547326172326175,
    "sentKBytesPerSec" : 2.3591800935550937
  },
  "-295" : {
    "transaction" : "-295",
    "sampleCount" : 10,
    "errorCount" : 0,
    "errorPct" : 0.0,
    "meanResTime" : 100.5,
    "medianResTime" : 49.5,
    "minResTime" : 47.0,
    "maxResTime" : 349.0,
    "pct1ResTime" : 340.1,
    "pct2ResTime" : 349.0,
    "pct3ResTime" : 349.0,
    "throughput" : 13.003901170351105,
    "receivedKBytesPerSec" : 4.863763816644993,
    "sentKBytesPerSec" : 20.04302462613784
  },
  "-272" : {
    "transaction" : "-272",
    "sampleCount" : 19,
    "errorCount" : 19,
    "errorPct" : 100.0,
    "meanResTime" : 74.52631578947368,
    "medianResTime" : 86.0,
    "minResTime" : 39.0,
    "maxResTime" : 120.0,
    "pct1ResTime" : 105.0,
    "pct2ResTime" : 120.0,
    "pct3ResTime" : 120.0,
    "throughput" : 3.9823936281701946,
    "receivedKBytesPerSec" : 1.2864588791657934,
    "sentKBytesPerSec" : 4.2157370048207925
  },
  "-294" : {
    "transaction" : "-294",
    "sampleCount" : 10,
    "errorCount" : 0,
    "errorPct" : 0.0,
    "meanResTime" : 97.5,
    "medianResTime" : 53.5,
    "minResTime" : 43.0,
    "maxResTime" : 281.0,
    "pct1ResTime" : 280.0,
    "pct2ResTime" : 281.0,
    "pct3ResTime" : 281.0,
    "throughput" : 12.658227848101266,
    "receivedKBytesPerSec" : 4.734473892405063,
    "sentKBytesPerSec" : 14.924100079113924
  },
  "-296" : {
    "transaction" : "-296",
    "sampleCount" : 10,
    "errorCount" : 0,
    "errorPct" : 0.0,
    "meanResTime" : 89.60000000000001,
    "medianResTime" : 56.0,
    "minResTime" : 45.0,
    "maxResTime" : 414.0,
    "pct1ResTime" : 378.5000000000001,
    "pct2ResTime" : 414.0,
    "pct3ResTime" : 414.0,
    "throughput" : 12.642225031605562,
    "receivedKBytesPerSec" : 4.728488463969659,
    "sentKBytesPerSec" : 14.374358012010113
  },
  "-291" : {
    "transaction" : "-291",
    "sampleCount" : 10,
    "errorCount" : 0,
    "errorPct" : 0.0,
    "meanResTime" : 101.1,
    "medianResTime" : 79.5,
    "minResTime" : 64.0,
    "maxResTime" : 263.0,
    "pct1ResTime" : 250.40000000000003,
    "pct2ResTime" : 263.0,
    "pct3ResTime" : 263.0,
    "throughput" : 12.269938650306749,
    "receivedKBytesPerSec" : 83.60812883435584,
    "sentKBytesPerSec" : 12.752827837423315
  },
  "-290" : {
    "transaction" : "-290",
    "sampleCount" : 10,
    "errorCount" : 0,
    "errorPct" : 0.0,
    "meanResTime" : 101.6,
    "medianResTime" : 61.0,
    "minResTime" : 49.0,
    "maxResTime" : 280.0,
    "pct1ResTime" : 278.6,
    "pct2ResTime" : 280.0,
    "pct3ResTime" : 280.0,
    "throughput" : 12.5,
    "receivedKBytesPerSec" : 9.521484375,
    "sentKBytesPerSec" : 13.272705078125
  },
  "-293" : {
    "transaction" : "-293",
    "sampleCount" : 10,
    "errorCount" : 0,
    "errorPct" : 0.0,
    "meanResTime" : 50.5,
    "medianResTime" : 49.5,
    "minResTime" : 45.0,
    "maxResTime" : 63.0,
    "pct1ResTime" : 62.2,
    "pct2ResTime" : 63.0,
    "pct3ResTime" : 63.0,
    "throughput" : 12.886597938144329,
    "receivedKBytesPerSec" : 4.819889658505154,
    "sentKBytesPerSec" : 14.413106072809278
  },
  "-292" : {
    "transaction" : "-292",
    "sampleCount" : 10,
    "errorCount" : 0,
    "errorPct" : 0.0,
    "meanResTime" : 124.9,
    "medianResTime" : 93.0,
    "minResTime" : 83.0,
    "maxResTime" : 419.0,
    "pct1ResTime" : 387.5000000000001,
    "pct2ResTime" : 419.0,
    "pct3ResTime" : 419.0,
    "throughput" : 12.180267965895249,
    "receivedKBytesPerSec" : 15.12303973812424,
    "sentKBytesPerSec" : 34.74825860231425
  },
  "-288" : {
    "transaction" : "-288",
    "sampleCount" : 10,
    "errorCount" : 0,
    "errorPct" : 0.0,
    "meanResTime" : 51.1,
    "medianResTime" : 51.0,
    "minResTime" : 47.0,
    "maxResTime" : 56.0,
    "pct1ResTime" : 55.9,
    "pct2ResTime" : 56.0,
    "pct3ResTime" : 56.0,
    "throughput" : 18.34862385321101,
    "receivedKBytesPerSec" : 6.862815366972477,
    "sentKBytesPerSec" : 53.5102494266055
  },
  "-287" : {
    "transaction" : "-287",
    "sampleCount" : 10,
    "errorCount" : 0,
    "errorPct" : 0.0,